,query,symbol
0,ENSG00000004838,ZMYND10
1,ENSG00000005020,SKAP2
2,ENSG00000005243,COPZ2
3,ENSG00000006016,CRLF1
4,ENSG00000006210,CX3CL1
5,ENSG00000006712,PAF1
6,ENSG00000007264,MATK
7,ENSG00000007312,CD79B
8,ENSG00000008394,MGST1
9,ENSG00000008517,IL32
10,ENSG00000010295,IFFO1
11,ENSG00000010327,STAB1
12,ENSG00000011347,SYT7
13,ENSG00000011465,DCN
14,ENSG00000012171,SEMA3B
15,ENSG00000012660,ELOVL5
16,ENSG00000013725,CD6
17,ENSG00000014138,POLA2
18,ENSG00000017483,SLC38A5
19,ENSG00000018280,SLC11A1
20,ENSG00000019582,CD74
21,ENSG00000024422,EHD2
22,ENSG00000026025,VIM
23,ENSG00000027847,B4GALT7
24,ENSG00000028277,POU2F2
25,ENSG00000034510,TMSB10
26,ENSG00000038427,VCAN
27,ENSG00000047457,CP
28,ENSG00000048140,TSPAN17
29,ENSG00000048740,CELF2
30,ENSG00000049246,PER3
31,ENSG00000049540,ELN
32,ENSG00000051523,CYBA
33,ENSG00000054598,FOXC1
34,ENSG00000058085,LAMC2
35,ENSG00000058404,CAMK2B
36,ENSG00000059804,SLC2A3
37,ENSG00000060138,YBX3
38,ENSG00000061656,SPAG4
39,ENSG00000062282,DGAT2
40,ENSG00000063180,CA11
41,ENSG00000064205,CCN5
42,ENSG00000064687,ABCA7
43,ENSG00000065534,MYLK
44,ENSG00000065809,FAM107B
45,ENSG00000065989,PDE4A
46,ENSG00000068831,RASGRP2
47,ENSG00000069011,PITX1
48,ENSG00000069702,TGFBR3
49,ENSG00000070081,NUCB2
50,ENSG00000070404,FSTL3
51,ENSG00000070756,PABPC1
52,ENSG00000071082,RPL31
53,ENSG00000071246,VASH1
54,ENSG00000071967,CYBRD1
55,ENSG00000072163,LIMS2
56,ENSG00000072195,SPEG
57,ENSG00000072310,SREBF1
58,ENSG00000072786,STK10
59,ENSG00000072818,ACAP1
60,ENSG00000072954,TMEM38A
61,ENSG00000073350,LLGL2
62,ENSG00000074370,ATP2A3
63,ENSG00000074410,CA12
64,ENSG00000074416,MGLL
65,ENSG00000074527,NTN4
66,ENSG00000074755,ZZEF1
67,ENSG00000074800,ENO1
68,ENSG00000075618,FSCN1
69,ENSG00000076356,PLXNA2
70,ENSG00000076555,ACACB
71,ENSG00000076662,ICAM3
72,ENSG00000077238,IL4R
73,ENSG00000077942,FBLN1
74,ENSG00000077984,CST7
75,ENSG00000079337,RAPGEF3
76,ENSG00000079435,LIPE
77,ENSG00000079999,KEAP1
78,ENSG00000081059,TCF7
79,ENSG00000084207,GSTP1
80,ENSG00000084463,WBP11
81,ENSG00000084636,COL16A1
82,ENSG00000085276,MECOM
83,ENSG00000085733,CTTN
84,ENSG00000087245,MMP2
85,ENSG00000087460,GNAS
86,ENSG00000088002,SULT2B1
87,ENSG00000088367,EPB41L1
88,ENSG00000088827,SIGLEC1
89,ENSG00000088881,EBF4
90,ENSG00000089356,FXYD3
91,ENSG00000089486,CDIP1
92,ENSG00000089692,LAG3
93,ENSG00000090382,LYZ
94,ENSG00000090539,CHRD
95,ENSG00000090776,EFNB1
96,ENSG00000090924,PLEKHG2
97,ENSG00000091136,LAMB1
98,ENSG00000091592,NLRP1
99,ENSG00000091831,ESR1
100,ENSG00000091947,TMEM101
101,ENSG00000091986,CCDC80
102,ENSG00000092758,COL9A3
103,ENSG00000092969,TGFB2
104,ENSG00000095321,CRAT
105,ENSG00000095739,BAMBI
106,ENSG00000096384,HSP90AB1
107,ENSG00000099194,SCD
108,ENSG00000099282,TSPAN15
109,ENSG00000099953,MMP11
110,ENSG00000099958,DERL3
111,ENSG00000099998,GGT5
112,ENSG00000100003,SEC14L2
113,ENSG00000100033,PRODH
114,ENSG00000100034,PPM1F
115,ENSG00000100055,CYTH4
116,ENSG00000100097,LGALS1
117,ENSG00000100139,MICALL1
118,ENSG00000100219,XBP1
119,ENSG00000100302,RASD2
120,ENSG00000100304,TTLL12
121,ENSG00000100307,CBX7
122,ENSG00000100321,SYNGR1
123,ENSG00000100379,KCTD17
124,ENSG00000100399,CHADL
125,ENSG00000100599,RIN3
126,ENSG00000100968,NFATC4
127,ENSG00000100985,MMP9
128,ENSG00000101298,SNPH
129,ENSG00000101335,MYL9
130,ENSG00000101441,CST4
131,ENSG00000101443,WFDC2
132,ENSG00000101445,PPP1R16B
133,ENSG00000101460,MAP1LC3A
134,ENSG00000102316,MAGED2
135,ENSG00000102393,GLA
136,ENSG00000102575,ACP5
137,ENSG00000102879,CORO1A
138,ENSG00000103260,METRN
139,ENSG00000103522,IL21R
140,ENSG00000104140,RHOV
141,ENSG00000104205,SGK3
142,ENSG00000104368,PLAT
143,ENSG00000104419,NDRG1
144,ENSG00000104518,GSDMD
145,ENSG00000104783,KCNN4
146,ENSG00000104903,LYL1
147,ENSG00000104998,IL27RA
148,ENSG00000105122,RASAL3
149,ENSG00000105137,SYDE1
150,ENSG00000105171,POP4
151,ENSG00000105173,CCNE1
152,ENSG00000105227,PRX
153,ENSG00000105270,CLIP3
154,ENSG00000105369,CD79A
155,ENSG00000105373,NOP53
156,ENSG00000105374,NKG7
157,ENSG00000105427,CNFN
158,ENSG00000105519,CAPS
159,ENSG00000105538,RASIP1
160,ENSG00000105552,BCAT2
161,ENSG00000105559,PLEKHA4
162,ENSG00000105639,JAK3
163,ENSG00000105640,RPL18A
164,ENSG00000105655,ISYNA1
165,ENSG00000105664,COMP
166,ENSG00000105707,HPN
167,ENSG00000105971,CAV2
168,ENSG00000105974,CAV1
169,ENSG00000106003,LFNG
170,ENSG00000106211,HSPB1
171,ENSG00000106333,PCOLCE
172,ENSG00000106366,SERPINE1
173,ENSG00000106483,SFRP4
174,ENSG00000106538,RARRES2
175,ENSG00000106624,AEBP1
176,ENSG00000106665,CLIP2
177,ENSG00000106819,ASPN
178,ENSG00000106948,AKNA
179,ENSG00000106976,DNM1
180,ENSG00000107262,BAG1
181,ENSG00000107281,NPDC1
182,ENSG00000107485,GATA3
183,ENSG00000107562,CXCL12
184,ENSG00000107796,ACTA2
185,ENSG00000107821,KAZALD1
186,ENSG00000108179,PPIF
187,ENSG00000108298,RPL19
188,ENSG00000108344,PSMD3
189,ENSG00000108551,RASD1
190,ENSG00000108622,ICAM2
191,ENSG00000108641,B9D1
192,ENSG00000108669,CYTH1
193,ENSG00000108679,LGALS3BP
194,ENSG00000108691,CCL2
195,ENSG00000108786,HSD17B1
196,ENSG00000108821,COL1A1
197,ENSG00000108826,MRPL27
198,ENSG00000108950,FAM20A
199,ENSG00000109062,NHERF1
200,ENSG00000109472,CPE
201,ENSG00000109610,SOD3
202,ENSG00000109846,CRYAB
203,ENSG00000110092,CCND1
204,ENSG00000110330,BIRC2
205,ENSG00000110448,CD5
206,ENSG00000110492,MDK
207,ENSG00000110660,SLC35F2
208,ENSG00000110711,AIP
209,ENSG00000110799,VWF
210,ENSG00000110876,SELPLG
211,ENSG00000111057,KRT18
212,ENSG00000111199,TRPV4
213,ENSG00000111341,MGP
214,ENSG00000111348,ARHGDIB
215,ENSG00000111671,SPSB2
216,ENSG00000111716,LDHB
217,ENSG00000111799,COL12A1
218,ENSG00000111912,NCOA7
219,ENSG00000112096,
220,ENSG00000112245,PTP4A1
221,ENSG00000112378,PERP
222,ENSG00000112559,MDFI
223,ENSG00000112561,TFEB
224,ENSG00000112562,SMOC2
225,ENSG00000112655,PTK7
226,ENSG00000112996,MRPS30
227,ENSG00000113140,SPARC
228,ENSG00000113555,PCDH12
229,ENSG00000113739,STC2
230,ENSG00000113758,DBN1
231,ENSG00000113916,BCL6
232,ENSG00000114115,RBP1
233,ENSG00000114270,COL7A1
234,ENSG00000114735,HEMK1
235,ENSG00000115137,DNAJC27
236,ENSG00000115138,POMC
237,ENSG00000115255,REEP6
238,ENSG00000115267,IFIH1
239,ENSG00000115380,EFEMP1
240,ENSG00000115414,FN1
241,ENSG00000115457,IGFBP2
242,ENSG00000115461,IGFBP5
243,ENSG00000115648,MLPH
244,ENSG00000115884,SDC1
245,ENSG00000116133,DHCR24
246,ENSG00000116774,OLFML3
247,ENSG00000116824,CD2
248,ENSG00000117115,PADI2
249,ENSG00000117122,MFAP2
250,ENSG00000117228,GBP1
251,ENSG00000117519,CNN3
252,ENSG00000117632,STMN1
253,ENSG00000117984,CTSD
254,ENSG00000118094,TREH
255,ENSG00000118523,CCN2
256,ENSG00000118785,SPP1
257,ENSG00000118849,RARRES1
258,ENSG00000119280,C1orf198
259,ENSG00000119630,PGF
260,ENSG00000119917,IFIT3
261,ENSG00000120093,HOXB3
262,ENSG00000120129,DUSP1
263,ENSG00000120318,ARAP3
264,ENSG00000120738,EGR1
265,ENSG00000120875,DUSP4
266,ENSG00000120885,CLU
267,ENSG00000121039,RDH10
268,ENSG00000121068,TBX2
269,ENSG00000121753,ADGRB2
270,ENSG00000121858,TNFSF10
271,ENSG00000121898,CPXM2
272,ENSG00000122122,SASH3
273,ENSG00000122176,FMOD
274,ENSG00000122679,RAMP3
275,ENSG00000122694,GLIPR2
276,ENSG00000122971,ACADS
277,ENSG00000123243,ITIH5
278,ENSG00000123342,MMP19
279,ENSG00000123358,NR4A1
280,ENSG00000123689,G0S2
281,ENSG00000123810,B9D2
282,ENSG00000124126,PREX1
283,ENSG00000124212,PTGIS
284,ENSG00000124249,KCNK15
285,ENSG00000124664,SPDEF
286,ENSG00000124766,SOX4
287,ENSG00000124772,CPNE5
288,ENSG00000124795,DEK
289,ENSG00000125089,SH3TC1
290,ENSG00000125386,FAM193A
291,ENSG00000125730,C3
292,ENSG00000125740,FOSB
293,ENSG00000125843,AP5S1
294,ENSG00000126091,ST3GAL3
295,ENSG00000126264,HCST
296,ENSG00000126561,STAT5A
297,ENSG00000126603,GLIS2
298,ENSG00000126709,IFI6
299,ENSG00000126878,AIF1L
300,ENSG00000127084,FGD3
301,ENSG00000127580,WDR24
302,ENSG00000128016,ZFP36
303,ENSG00000128322,IGLL1
304,ENSG00000128422,KRT17
305,ENSG00000128602,SMO
306,ENSG00000128709,HOXD9
307,ENSG00000129009,ISLR
308,ENSG00000129158,SERGEF
309,ENSG00000129465,RIPK3
310,ENSG00000129538,RNASE1
311,ENSG00000129757,CDKN1C
312,ENSG00000129946,SHC2
313,ENSG00000130005,GAMT
314,ENSG00000130052,STARD8
315,ENSG00000130176,CNN1
316,ENSG00000130203,APOE
317,ENSG00000130208,APOC1
318,ENSG00000130303,BST2
319,ENSG00000130513,GDF15
320,ENSG00000130600,H19
321,ENSG00000130653,PNPLA7
322,ENSG00000130707,ASS1
323,ENSG00000130714,POMT1
324,ENSG00000130755,GMFG
325,ENSG00000130766,SESN2
326,ENSG00000131094,C1QL1
327,ENSG00000131196,NFATC1
328,ENSG00000131471,AOC3
329,ENSG00000131711,MAP1B
330,ENSG00000131748,STARD3
331,ENSG00000132000,PODNL1
332,ENSG00000132205,EMILIN2
333,ENSG00000132329,RAMP1
334,ENSG00000132386,SERPINF1
335,ENSG00000132465,JCHAIN
336,ENSG00000132470,ITGB4
337,ENSG00000132475,H3-3B
338,ENSG00000132622,HSPA12B
339,ENSG00000133110,POSTN
340,ENSG00000133142,TCEAL4
341,ENSG00000133246,PRAM1
342,ENSG00000133321,PLAAT4
343,ENSG00000133392,MYH11
344,ENSG00000133466,C1QTNF6
345,ENSG00000133639,BTG1
346,ENSG00000133657,ATP13A3
347,ENSG00000134202,GSTM3
348,ENSG00000134321,RSAD2
349,ENSG00000134531,EMP1
350,ENSG00000134817,APLNR
351,ENSG00000134824,FADS2
352,ENSG00000135046,ANXA1
353,ENSG00000135114,OASL
354,ENSG00000135218,CD36
355,ENSG00000135424,ITGA7
356,ENSG00000135480,KRT7
357,ENSG00000135821,GLUL
358,ENSG00000135916,ITM2C
359,ENSG00000135919,SERPINE2
360,ENSG00000136059,VILL
361,ENSG00000136250,AOAH
362,ENSG00000136286,MYO1G
363,ENSG00000136425,CIB2
364,ENSG00000136630,HLX
365,ENSG00000136717,BIN1
366,ENSG00000136732,GYPC
367,ENSG00000136807,CDK9
368,ENSG00000136826,KLF4
369,ENSG00000136859,ANGPTL2
370,ENSG00000137078,SIT1
371,ENSG00000137331,IER3
372,ENSG00000137507,LRRC32
373,ENSG00000137692,DCUN1D5
374,ENSG00000137693,YAP1
375,ENSG00000137726,FXYD6
376,ENSG00000137809,ITGA11
377,ENSG00000137965,IFI44
378,ENSG00000138061,CYP1B1
379,ENSG00000138080,EMILIN1
380,ENSG00000138101,DTNB
381,ENSG00000138434,ITPRID2
382,ENSG00000138449,SLC40A1
383,ENSG00000138615,CILP
384,ENSG00000139193,CD27
385,ENSG00000139329,LUM
386,ENSG00000139567,ACVRL1
387,ENSG00000139626,ITGB7
388,ENSG00000139629,GALNT6
389,ENSG00000140105,WARS1
390,ENSG00000140368,PSTPIP1
391,ENSG00000140511,HAPLN3
392,ENSG00000140526,ABHD2
393,ENSG00000140545,MFGE8
394,ENSG00000140859,KIFC3
395,ENSG00000140961,OSGIN1
396,ENSG00000141401,IMPA2
397,ENSG00000141424,SLC39A6
398,ENSG00000141499,WRAP53
399,ENSG00000141526,SLC16A3
400,ENSG00000141574,SECTM1
401,ENSG00000141736,ERBB2
402,ENSG00000141738,GRB7
403,ENSG00000141741,MIEN1
404,ENSG00000141753,IGFBP4
405,ENSG00000142089,IFITM3
406,ENSG00000142102,PGGHG
407,ENSG00000142173,COL6A2
408,ENSG00000142279,WTIP
409,ENSG00000142552,RCN3
410,ENSG00000142694,EVA1B
411,ENSG00000142871,CCN1
412,ENSG00000142875,PRKACB
413,ENSG00000143196,DPT
414,ENSG00000143248,RGS5
415,ENSG00000143320,CRABP2
416,ENSG00000143333,RGS16
417,ENSG00000143369,ECM1
418,ENSG00000143416,SELENBP1
419,ENSG00000143514,TP53BP2
420,ENSG00000143546,S100A8
421,ENSG00000143851,PTPN7
422,ENSG00000144802,NFKBIZ
423,ENSG00000144857,BOC
424,ENSG00000145012,LPP
425,ENSG00000145423,SFRP2
426,ENSG00000145506,NKD2
427,ENSG00000145632,PLK2
428,ENSG00000145824,CXCL14
429,ENSG00000146476,DCPH1
430,ENSG00000146674,IGFBP3
431,ENSG00000147526,TACC1
432,ENSG00000147862,NFIB
433,ENSG00000148288,GBGT1
434,ENSG00000148308,GTF3C5
435,ENSG00000148400,NOTCH1
436,ENSG00000148671,ADIRF
437,ENSG00000148803,FUOM
438,ENSG00000148848,ADAM12
439,ENSG00000149150,SLC43A1
440,ENSG00000149212,SESN3
441,ENSG00000149257,SERPINH1
442,ENSG00000149273,RPS3
443,ENSG00000149564,ESAM
444,ENSG00000149591,TAGLN
445,ENSG00000149633,KIAA1755
446,ENSG00000149716,LTO1
447,ENSG00000149922,TBX6
448,ENSG00000150593,PDCD4
449,ENSG00000150687,PRSS23
450,ENSG00000151366,NDUFC2
451,ENSG00000151468,CCDC3
452,ENSG00000152049,KCNE4
453,ENSG00000152104,PTPN14
454,ENSG00000152137,HSPB8
455,ENSG00000152284,TCF7L1
456,ENSG00000152558,TMEM123
457,ENSG00000152661,GJA1
458,ENSG00000152926,ZNF117
459,ENSG00000154016,GRAP
460,ENSG00000154102,C16orf74
461,ENSG00000154133,ROBO4
462,ENSG00000154134,ROBO3
463,ENSG00000154734,ADAMTS1
464,ENSG00000155850,SLC26A2
465,ENSG00000155906,RMND1
466,ENSG00000156804,FBXO32
467,ENSG00000157227,MMP14
468,ENSG00000157303,SUSD3
469,ENSG00000157734,SNX22
470,ENSG00000158186,MRAS
471,ENSG00000158517,NCF1
472,ENSG00000158555,GDPD5
473,ENSG00000159167,STC1
474,ENSG00000159176,CSRP1
475,ENSG00000159388,BTG2
476,ENSG00000159403,C1R
477,ENSG00000159674,SPON2
478,ENSG00000159713,TPPP3
479,ENSG00000160161,CILP2
480,ENSG00000160180,TFF3
481,ENSG00000160211,G6PD
482,ENSG00000160326,SLC2A6
483,ENSG00000160401,CFAP157
484,ENSG00000160593,JAML
485,ENSG00000160613,PCSK7
486,ENSG00000160862,AZGP1
487,ENSG00000160867,FGFR4
488,ENSG00000160888,IER2
489,ENSG00000160932,LY6E
490,ENSG00000161281,COX7A1
491,ENSG00000161395,PGAP3
492,ENSG00000161835,TAMALIN
493,ENSG00000162458,FBLIM1
494,ENSG00000162493,PDPN
495,ENSG00000162496,DHRS3
496,ENSG00000162511,LAPTM5
497,ENSG00000162551,ALPL
498,ENSG00000162572,SCNN1D
499,ENSG00000162576,MXRA8
500,ENSG00000162591,MEGF6
501,ENSG00000162772,ATF3
502,ENSG00000162878,PKDCC
503,ENSG00000163017,ACTG2
504,ENSG00000163154,TNFAIP8L2
505,ENSG00000163191,S100A11
506,ENSG00000163220,S100A9
507,ENSG00000163399,ATP1A1
508,ENSG00000163431,LMOD1
509,ENSG00000163435,ELF3
510,ENSG00000163453,IGFBP7
511,ENSG00000163485,ADORA1
512,ENSG00000163520,FBLN2
513,ENSG00000163565,IFI16
514,ENSG00000163644,PPM1K
515,ENSG00000163975,MELTF
516,ENSG00000163993,S100P
517,ENSG00000164403,SHROOM1
518,ENSG00000164404,GDF9
519,ENSG00000164405,UQCRQ
520,ENSG00000164442,CITED2
521,ENSG00000164692,COL1A2
522,ENSG00000164694,FNDC1
523,ENSG00000164764,SBSPON
524,ENSG00000164919,COX6C
525,ENSG00000165215,CLDN3
526,ENSG00000165238,WNK2
527,ENSG00000165424,ZCCHC24
528,ENSG00000165457,FOLR2
529,ENSG00000165507,DEPP1
530,ENSG00000165633,VSTM4
531,ENSG00000165795,NDRG2
532,ENSG00000165886,UBTD1
533,ENSG00000165949,IFI27
534,ENSG00000166033,HTRA1
535,ENSG00000166289,PLEKHF1
536,ENSG00000166428,PLD4
537,ENSG00000166482,MFAP4
538,ENSG00000166710,B2M
539,ENSG00000166741,NNMT
540,ENSG00000166780,BMERB1
541,ENSG00000166825,ANPEP
542,ENSG00000166920,COXFA4L3
543,ENSG00000167107,ACSF2
544,ENSG00000167157,PRRX2
545,ENSG00000167244,IGF2
546,ENSG00000167286,CD3D
547,ENSG00000167549,CORO6
548,ENSG00000167614,TTYH1
549,ENSG00000167617,CDC42EP5
550,ENSG00000167641,PPP1R14A
551,ENSG00000167676,PLIN4
552,ENSG00000167680,SEMA6B
553,ENSG00000167693,NXN
554,ENSG00000167705,RILP
555,ENSG00000167772,ANGPTL4
556,ENSG00000167779,IGFBP6
557,ENSG00000167799,NUDT8
558,ENSG00000167920,KRT10-AS1
559,ENSG00000167994,RAB3IL1
560,ENSG00000167995,BEST1
561,ENSG00000167996,FTH1
562,ENSG00000168071,CCDC88B
563,ENSG00000168140,VASN
564,ENSG00000168209,DDIT4
565,ENSG00000168350,DEGS2
566,ENSG00000168389,MFSD2A
567,ENSG00000168447,SCNN1B
568,ENSG00000168477,TNXB
569,ENSG00000168528,SERINC2
570,ENSG00000168542,COL3A1
571,ENSG00000168993,CPLX1
572,ENSG00000169026,SLC49A3
573,ENSG00000169442,CD52
574,ENSG00000169554,ZEB2
575,ENSG00000169710,FASN
576,ENSG00000169908,TM4SF1
577,ENSG00000170271,FAXDC2
578,ENSG00000170345,FOS
579,ENSG00000170369,CST2
580,ENSG00000170373,CST1
581,ENSG00000170421,KRT8
582,ENSG00000170458,CD14
583,ENSG00000170476,MZB1
584,ENSG00000170525,PFKFB3
585,ENSG00000170561,IRX2
586,ENSG00000170801,HTRA3
587,ENSG00000170873,MTSS1
588,ENSG00000170955,CAVIN3
589,ENSG00000171045,TSNARE1
590,ENSG00000171051,FPR1
591,ENSG00000171227,TMEM37
592,ENSG00000171345,KRT19
593,ENSG00000171346,KRT15
594,ENSG00000171631,P2RY6
595,ENSG00000171914,TLN2
596,ENSG00000171992,SYNPO
597,ENSG00000172057,ORMDL3
598,ENSG00000172061,LRRC15
599,ENSG00000172216,CEBPB
600,ENSG00000172270,BSG
601,ENSG00000172349,IL16
602,ENSG00000172426,RSPH9
603,ENSG00000172531,PPP1CA
604,ENSG00000172638,EFEMP2
605,ENSG00000172794,RAB37
606,ENSG00000172809,RPL38
607,ENSG00000172889,EGFL7
608,ENSG00000172890,NADSYN1
609,ENSG00000172935,MRGPRF
610,ENSG00000173227,SYT12
611,ENSG00000173262,SLC2A14
612,ENSG00000173269,MMRN2
613,ENSG00000173369,C1QB
614,ENSG00000173372,C1QA
615,ENSG00000173432,SAA1
616,ENSG00000173465,ZNRD2
617,ENSG00000173546,CSPG4
618,ENSG00000173917,HOXB2
619,ENSG00000173918,C1QTNF1
620,ENSG00000174059,CD34
621,ENSG00000174080,CTSF
622,ENSG00000174348,PODN
623,ENSG00000174788,PCP2
624,ENSG00000174804,FZD4
625,ENSG00000174807,CD248
626,ENSG00000175048,ZDHHC14
627,ENSG00000175264,CHST1
628,ENSG00000175356,SCUBE2
629,ENSG00000175445,LPL
630,ENSG00000175463,TBC1D10C
631,ENSG00000175467,SART1
632,ENSG00000175727,MLXIP
633,ENSG00000175899,A2M
634,ENSG00000176170,SPHK1
635,ENSG00000176788,BASP1
636,ENSG00000176907,TCIM
637,ENSG00000177283,FZD8
638,ENSG00000177469,CAVIN1
639,ENSG00000177685,CRACR2B
640,ENSG00000177706,FAM20C
641,ENSG00000178038,ALS2CL
642,ENSG00000178773,CPNE7
643,ENSG00000178934,LGALS7B
644,ENSG00000179344,HLA-DQB1
645,ENSG00000179388,EGR3
646,ENSG00000179593,ALOX15B
647,ENSG00000179772,FOXS1
648,ENSG00000179862,CITED4
649,ENSG00000179922,ZNF784
650,ENSG00000179954,SSC5D
651,ENSG00000180340,FZD2
652,ENSG00000180448,ARHGAP45
653,ENSG00000180879,SSR4
654,ENSG00000181029,TRAPPC5
655,ENSG00000181135,ZNF707
656,ENSG00000181513,ACBD4
657,ENSG00000182175,RGMA
658,ENSG00000182240,BACE2
659,ENSG00000182253,SYNM
660,ENSG00000182310,SPACA6
661,ENSG00000182326,C1S
662,ENSG00000182379,NXPH4
663,ENSG00000182492,BGN
664,ENSG00000182511,FES
665,ENSG00000182580,EPHB3
666,ENSG00000182600,SNORC
667,ENSG00000182704,TSKU
668,ENSG00000182993,C12orf60
669,ENSG00000183087,GAS6
670,ENSG00000183160,TMEM119
671,ENSG00000183386,FHL3
672,ENSG00000183569,SERHL2
673,ENSG00000183615,FAM167B
674,ENSG00000183696,UPP1
675,ENSG00000183779,ZNF703
676,ENSG00000184058,TBX1
677,ENSG00000184113,CLDN5
678,ENSG00000184205,TSPYL2
679,ENSG00000184292,TACSTD2
680,ENSG00000184347,SLIT3
681,ENSG00000184497,TMEM255B
682,ENSG00000184557,SOCS3
683,ENSG00000184730,APOBR
684,ENSG00000185133,INPP5J
685,ENSG00000185291,IL3RA
686,ENSG00000185339,TCN2
687,ENSG00000185386,MAPK11
688,ENSG00000185499,MUC1
689,ENSG00000185507,IRF7
690,ENSG00000185522,LMNTD2
691,ENSG00000185567,AHNAK2
692,ENSG00000185633,COXFA4L2
693,ENSG00000185745,IFIT1
694,ENSG00000185885,IFITM1
695,ENSG00000185924,RTN4RL1
696,ENSG00000186153,WWOX
697,ENSG00000186493,IRX2-DT
698,ENSG00000186827,TNFRSF4
699,ENSG00000186868,MAPT
700,ENSG00000186907,RTN4RL2
701,ENSG00000186994,KANK3
702,ENSG00000187097,ENTPD5
703,ENSG00000187479,C11orf96
704,ENSG00000187513,GJA4
705,ENSG00000187608,ISG15
706,ENSG00000187634,SAMD11
707,ENSG00000187688,TRPV2
708,ENSG00000187837,H1-2
709,ENSG00000187942,LDLRAD2
710,ENSG00000187955,COL14A1
711,ENSG00000188001,TPRG1
712,ENSG00000188483,IER5L
713,ENSG00000188783,PRELP
714,ENSG00000188895,MSL1
715,ENSG00000189058,APOD
716,ENSG00000189129,PLAC9
717,ENSG00000189334,S100A14
718,ENSG00000189409,MMP23B
719,ENSG00000196139,AKR1C3
720,ENSG00000196352,CD55
721,ENSG00000196405,EVL
722,ENSG00000196507,TCEAL3
723,ENSG00000196557,CACNA1H
724,ENSG00000196562,SULF2
725,ENSG00000196569,LAMA2
726,ENSG00000196739,COL27A1
727,ENSG00000196878,LAMB3
728,ENSG00000196924,FLNA
729,ENSG00000197019,SERTAD1
730,ENSG00000197249,SERPINA1
731,ENSG00000197457,STMN3
732,ENSG00000197696,NMB
733,ENSG00000197747,S100A10
734,ENSG00000197766,CFD
735,ENSG00000197943,PLCG2
736,ENSG00000197956,S100A6
737,ENSG00000198363,ASPH
738,ENSG00000198467,TPM2
739,ENSG00000198624,CCDC69
740,ENSG00000198832,SELENOM
741,ENSG00000198851,CD3E
742,ENSG00000198865,CCDC152
743,ENSG00000198959,TGM2
744,ENSG00000203812,
745,ENSG00000203883,SOX18
746,ENSG00000204287,HLA-DRA
747,ENSG00000204315,FKBPL
748,ENSG00000204438,GPANK1
749,ENSG00000204482,LST1
750,ENSG00000204525,HLA-C
751,ENSG00000204592,HLA-E
752,ENSG00000204642,HLA-F
753,ENSG00000205002,AARD
754,ENSG00000205078,SYCE1L
755,ENSG00000205542,TMSB4X
756,ENSG00000205744,DENND1C
757,ENSG00000206190,ATP10A
758,ENSG00000206503,HLA-A
759,ENSG00000206530,CFAP44
760,ENSG00000211445,GPX3
761,ENSG00000213145,CRIP1
762,ENSG00000213398,LCAT
763,ENSG00000214413,BBIP1
764,ENSG00000214530,STARD10
765,ENSG00000214548,MEG3
766,ENSG00000221869,CEBPD
767,ENSG00000224389,C4B
768,ENSG00000227507,LTB
769,ENSG00000229117,RPL41
770,ENSG00000230937,MIR205HG
771,ENSG00000231389,HLA-DPA1
772,ENSG00000231925,TAPBP
773,ENSG00000232931,LINC00342
774,ENSG00000234745,HLA-B
775,ENSG00000235169,SMIM1
776,ENSG00000236609,ZNF853
777,ENSG00000237541,HLA-DQA2
778,ENSG00000240583,AQP1
779,ENSG00000241878,PISD
780,ENSG00000243649,CFB
781,ENSG00000244242,IFITM10
782,ENSG00000244405,ETV5
783,ENSG00000244486,SCARF2
784,ENSG00000244731,C4A
785,ENSG00000245532,NEAT1
786,ENSG00000246705,H2AJ
787,ENSG00000247516,MIR4458HG
788,ENSG00000251562,MALAT1
789,ENSG00000254709,IGLL5
790,ENSG00000254772,EEF1G
791,ENSG00000255823,
792,ENSG00000256045,
793,ENSG00000256222,
794,ENSG00000256618,
795,ENSG00000257704,INAFM1
796,ENSG00000259929,
797,ENSG00000260260,SNHG19
798,ENSG00000261512,
799,ENSG00000264920,
800,ENSG00000266402,SNHG25
801,ENSG00000267795,SMIM22
802,ENSG00000269028,
803,ENSG00000269936,
804,ENSG00000270188,
805,ENSG00000270672,
806,ENSG00000271503,CCL5
807,ENSG00000271869,DCTN6-DT
808,ENSG00000272079,
809,ENSG00000272196,
810,ENSG00000272335,
811,ENSG00000272398,CD24
812,ENSG00000272523,LINC01023
813,ENSG00000275023,MLLT6
814,ENSG00000275395,FCGBP
815,ENSG00000277654,NOP35P1
816,ENSG00000277791,PSMB3
817,ENSG00000277972,CISD3
818,ENSG00000279576,
819,ENSG00000281181,
820,ENSG00000281383,
821,__ambiguous[ENSG00000075914+ENSG00000163815],
822,__ambiguous[ENSG00000109625+ENSG00000155269],
823,__ambiguous[ENSG00000127540+ENSG00000267059],
824,__ambiguous[ENSG00000151366+ENSG00000151364+ENSG00000259112],
825,__ambiguous[ENSG00000171570+ENSG00000269858],
826,__ambiguous[ENSG00000176340+ENSG00000256100],
827,__ambiguous[ENSG00000185885+ENSG00000185201],
828,__ambiguous[ENSG00000213316+ENSG00000161021],
829,__ambiguous[ENSG00000213397+ENSG00000183479],
830,__ambiguous[ENSG00000213402+ENSG00000172725],
831,__ambiguous[ENSG00000223953+ENSG00000259159],
832,__ambiguous[ENSG00000242086+ENSG00000176945],
833,__ambiguous[ENSG00000242114+ENSG00000249590],
834,__ambiguous[ENSG00000243649+ENSG00000244255],
835,__ambiguous[ENSG00000243678+ENSG00000011052],
836,__ambiguous[ENSG00000257341+ENSG00000213145],
837,__ambiguous[ENSG00000258311+ENSG00000135441],
838,__ambiguous[ENSG00000258555+ENSG00000128271],
839,__ambiguous[ENSG00000258674+ENSG00000186010],
840,__ambiguous[ENSG00000258818+ENSG00000259171],
841,__ambiguous[ENSG00000267120+ENSG00000126246],
842,__ambiguous[ENSG00000268400+ENSG00000229833],
843,__ambiguous[ENSG00000270136+ENSG00000158747],
844,__ambiguous[ENSG00000273259+ENSG00000196136],
